{"cameraMode":{"drawMode":0,"name":"Shaded","section":"Shading Mode"},"sceneLighting":true,"audioPlay":false,"sceneViewState":{"showFog":false,"showMaterialUpdate":false,"showSkybox":true,"showFlares":true,"showImageEffects":true,"showParticleSystems":true},"in2DMode":false,"pivot":{"x":-13.484648704528809,"y":-75.24463653564453,"z":9.45001220703125},"rotation":{"x":-0.03310099616646767,"y":0.8795064091682434,"z":-0.4706980884075165,"w":-0.061845697462558749},"size":120.42069244384766,"orthographic":false}